uuid,Titles,Was Selected?,R1,R2,R3
8ae4058b-cf77-4dc1-921e-65818c770d9e,A bibliometric analysis of the Turkish software engineering research community,0,0,0,0
ff5e3f1a-4ca1-41e5-90d9-56ff721eff74,A case study of industry–academia communication in a joint software engineering research project,1,2,0,2
5d3c9b61-8f88-47e2-9a85-78c97b4988e9,A case study on artefact-based RE improvement in practice,0,0,0,0
f9515d79-e576-42bc-8835-72a74c73b92b,A Chatbot for goal-oriented requirements modeling,0,0,0,0
b0d26feb-ee7d-49bf-b2c9-b6a497008dfa,A collaborative autoethnographic analysis of industry-academia collaboration for software engineering education development,0,0,1,2
2d3ce95f-1ac5-47aa-872f-cc1f4be153b8,A Collaborative Method for Identification and Selection of Data Sources in Market-driven requirements engineering,0,0,0,0
a20e73ff-203b-4ae7-96e6-bc54d4321b0e,A comparative study of software process improvement implementation success factors,0,0,0,0
62f9b7df-9fb3-4306-83b9-9b071146dc46,A comprehensive software project management framework,0,0,0,0
d870fbb2-0f92-47dc-bfe0-80a5b517040b,A Conceptual UX-Aware Model of Requirements,0,0,0,0
6a22f9b7-5ec2-4ea7-9dd8-ce151eeb9bb9,A Critical View on PLM/ALM Convergence in Practice and Research,0,0,0,0
726e94f0-a24d-48de-b7e0-37ffa6bf516d,A Dissection of the Test-Driven Development Process: Does It Really Matter to Test-First or to Test-Last?,0,0,0,0
ae168b50-446c-4ffe-ab52-fe46087d4a3d,A framework to improve university–industry collaboration,1,0,2,2
73f7a8ea-451f-432c-b33f-31815af62374,"A general theory of software engineering: Balancing human, social and organizational capitals",0,0,0,0
757fd295-19b2-40d7-8bc2-d999adc0c370,A hybrid RSA-DH cipher for Signed Encrypted Messages,0,0,0,0
69094027-4a16-4b1a-b3c9-41b45283a8d4,A Large-Scale Empirical Study of Practitioners' Use of Object-Oriented Concepts,0,0,0,0
738e0251-1ac4-4e28-8c42-e57d420ccc25,A Marketplace for Industrial Case Studies in Software Engineering,0,2,0,2
e35fd390-3e57-43ab-9a23-b9661fdfcc60,A Mediating Effect of Internalization on Technology Adoption,0,0,0,0
f1a118bb-0d40-4bc5-ab45-4932f8718764,A Method to Assess and Argue for Practical Significance in Software Engineering,0,0,0,0
5e648d9b-ca88-4dd4-a235-8b135e8ab43d,A Method to Evaluate Knowledge Resources in Agile Software Development,0,0,0,0
36750d8b-f32f-42a7-b229-2ced534de664,A Model-Based Framework for Legal Policy Simulation and Legal Compliance Checking,0,0,0,0
409c4670-3d71-4e04-b225-58bca48a0a8e,"A Pearson Correlation Analysis of the SoftwareEngineering Practice in Micro and Small-SizedSoftware Industry of Sinaloa, Mexico",0,0,0,0
79fc6a3e-ad3d-4eb2-8351-ecc33fe2a3ed,A platform for the automated provisioning of architecture information for large-scale service-oriented software systems,0,0,0,0
891fff91-37ad-4ad9-b71b-6a4518237edb,A Practical Guide to Select Quality Indicators for Assessing Pareto-Based Search Algorithms in Search-Based Software Engineering,0,0,0,0
2448687b-d5ee-41ab-a8ae-681895e55db7,A PROPOSAL FOR USING DESIGN SCIENCE IN EDUCATIONAL TECHNOLOGY RESEARCH PROJECTS,0,0,0,0
c7fdbe00-1ba1-4d6f-bef3-1576b853d851,A quantitative study on Australian doctoral students’ perceptions of employability preparedness: how gender and age matter,0,0,0,0
19d4b5c2-d718-4f46-b9fc-c4ed2a35e8fb,A research framework for building SPI proposals in small organizations: the COMPETISOFT experience,1,2,1,0
6d492278-c18c-4121-bfee-3f7756c23148,A Researcher's Experiences in Supporting Industrial Software Process Improvement,1,2,2,0
8b84bc4d-bbf8-47c9-aab2-a1ae50641445,A Retrospective Analysis of SAC Requirements: Engineering Track,0,0,0,0
3f9b4c92-9e28-4131-9e09-c9571afd0b3b,A scrum-centric framework for organizing software engineering academic courses,0,0,0,0
d21fef78-6d8a-4a91-aaad-35b7147eafc8,A socio-technical approach to manage analytics-as-a-service--results of an action design research project,0,0,0,0
d294a9fe-93c8-4b69-b0ca-36381c153dd2,A Step Towards Introducing Data Analytics and Visualization for Students of Electrical Sciences: An Initiative Through Machine Learning Course,0,0,0,0
0f90e329-cf2b-4c79-a994-70e6a33ad0ca,A step-by-step performance assessment and improvement method for ERP implementation: Action case studies in Chinese companies,0,0,0,0
9e2286b1-d005-4605-b07a-f446c5122eb4,A structured approach to academic technology transfer: lessons learned from imec's 101 programme,0,0,0,1
8082c249-65bc-46c8-89bb-87db73b17190,A Study and Comparison of Industrial vs. Academic Software Product Line Research Published at SPLC,0,0,0,0
1180206d-9e6b-4630-a77b-c697556c2855,A Study on the Effect of'University administration's efforts' and'Trust of IU'on'Industry-University Barrier',0,0,0,0
bd7898b7-5f93-4131-8a5f-2aa52d520797,A supervised approach for automatic web documents topic extraction using well-known web design features,0,0,0,0
bfa9ca16-0f5f-43ca-a8fa-8c4b40c33c62,A Survey of Types of Industry-Academia Collaboration,0,2,0,2
39db5cc1-4490-43ac-9a62-e381951cd4b2,A survey on the practices of software testing: a look into Brazilian companies,0,0,0,0
baf6a301-21f3-4ecb-b84e-a62f7325051f,A Syllabus for Usability Engineering in Multi-Project Courses.,0,0,0,0
811d786e-927d-4d9c-af0d-53e9d0027f3b,A systematic literature review of requirements engineering education,0,0,0,0
530420f6-0cc9-4e92-afa9-339f1a9e0a92,A systematic mapping study addressing the reliability of mobile applications: The need to move beyond testing reliability,0,0,0,0
a21023af-6106-43d4-bce7-4bb9321b49b2,A Systematic Mapping Study of the Current Practice of Indian Software Engineering,0,0,0,0
9dba2cdd-88c0-43a8-8e23-6108405a7a6f,A Systematic Mapping Study on DSL Evolution,0,0,0,0
1fd4a416-9ab6-4b6b-8c2f-17744be3677a,A systematic study on requirement engineering processes and practices in mauritius,0,0,0,0
26a8574d-5a6b-4372-ad42-198f4c65a53c,A tailored participatory action research for foss communities,0,0,0,0
d88457e9-ef65-4582-972c-886ff73a77cc,A Taxonomy for Improving Industry-Academia Communication in IoT Vulnerability Management,0,0,2,0
6504d0b2-cc1c-417b-b07c-d5506f84d2a5,"A Taxonomy of Information Attributes for Test Case Prioritisation: Applicability, Machine Learning",0,0,0,0
f7f6a712-7875-4516-a5ff-bd034f95d7ce,A Technology Transfer Portal to Promote Industry-Academia Collaboration in South-Tyrol,0,0,0,0
5052d03e-7c0c-4021-a6f1-b8cea5f0af66,"A Two-Component Language for Adaptation: Design, Semantics and Program Analysis",0,0,0,0
33ce807e-a77b-4e06-a31d-80fc7c9a2a1d,A unified model of the technology push process and its application in a workshop setting,0,0,0,0
44f4bb4a-1d97-4fb1-a3bb-470835fa9f1b,Academia-Industry Linkages: Nurturing the Entrepreneurial Graduates--A Case Study at University Sains Islam Malaysia (USIM),0,0,0,0
6b386e2c-5c81-455d-848c-895a222013d3,Academia-industry linkages: Theoretical and empirical review article,0,0,0,0
b7fb90ad-5b6d-46f8-8a63-f410619f7844,Academic and Industrial Software Testing Conferences: Survey and Synergies,0,0,0,0
e2f695f6-634f-429e-8f52-7a64a22f1844,Academy-industry collaboration and the effects of the involvement of undergraduate students in real world activities,0,0,2,2
ad5701e9-0d4b-462b-8a95-9c171288f5c5,Accelerating microbiota product development: The Societal Impact Value Cycle as a conceptual model to shape and improve public-private valorization processes,0,0,0,0
8fab4985-2c68-4659-9470-35d61a1bc16c,Accumulating design knowledge with reference models: insights from 12 years’ research into data management,0,0,0,0
ba0ffac9-7ca3-4a23-9e81-2e46f42ab89b,Accumulating design knowledge: a mechanisms-based approach,0,0,0,0
a70dcb5a-6055-4174-8307-c86c955a2919,Action design research: design of e-WIL for the manufacturing industry,0,0,0,0
cf9ff1a5-f2e6-4b50-b99b-5c19063ff84c,Action design research: integration of method support,0,0,0,0
b01ab64e-a965-4989-9c52-623d5189200c,"Action in action research: Elaborating the concepts of action, roles and dilemmas in a public e-service development project",0,0,0,0
9f06ac85-aad0-4e5d-ae35-5b9b0f7e8320,Action research,0,0,0,0
a6fcdcf2-c9da-4233-ba3d-21012162307c,Adaboost-multilayer perceptron to predict the student’s performance in software engineering,0,0,0,0
6f7ddb06-e333-42c8-8a64-9bbc4be176f2,Adapting Behavior Driven Development (BDD) for large-scale software systems,0,0,0,0
4555a692-1a8a-4646-9aae-ed5d90767819,Adaptive requirements prioritization (ARP): Improving decisions between conflicting requirements,0,0,0,0
aeb23a00-cce0-47ad-b86b-cd46633f7626,Adding Value Every Sprint: A Case Study on Large-Scale Continuous Requirements Engineering.,0,0,0,0
30e48cac-7555-452e-9ccb-229d443c363f,Adoption of UX evaluation in practice: An action research study in a software organization,0,0,1,0
c0d2675e-c1b9-4d11-9240-f736ada4418a,Agile Big Data Analytics for Web-Based Systems: An Architecture-Centric Approach,0,0,0,0
0d5cc957-baf6-4439-b501-6b29f8a95df3,An Action Research for Improving the Sustainability Assessment Framework Instruments,0,0,0,0
bf4699a9-d825-4f25-9a6a-3364584e488d,An alumni-based collaborative model to strengthen academia and industry partnership: The current challenges and strengths,0,0,2,0
e12a6e9e-d4a6-42e0-907f-e5c4ae33f79c,An approach to align business and IT perspectives during the SOA services identification,0,0,0,0
e7d98191-7436-4dc1-9a66-1bbd4b92a9b9,An assessment of the impact of information technology on marketing and advertising,0,0,0,0
cc12bf37-f392-43d5-9e33-7cde69ff8d79,An Empirical Investigation of Transferring Research to Software Technology Innovation: A Case of Data-Driven National Security Software,0,0,0,0
e82f1aa7-da8c-4510-b07c-3ab2af559ac4,An Exploratory Study on Technology Transfer in Software Engineering,1,2,2,2
de47f164-4b9b-49e8-a96c-e90da0a64ad7,An impact analysis of regional industry—University interactions: The case of industrial PhD schools,0,0,0,0
b5013962-8d27-4d3e-887e-335247cba915,An Improved Indoor Positioning Method Based on Received Signal Strengths,0,0,0,0
8c0d4a27-a67d-43dc-8645-97fd9563cd4e,An Industrial Case Study on Improving Quality in Integrated Software Product using defect dependency.,0,0,0,0
232452c8-1372-496c-b948-c52621ceeb24,An Industrial Case-Study on GUI Testing With RPA,0,0,0,0
918555e7-37a2-4b31-8bdd-17b9b8b10be0,"An industry-academia, multidisciplinary and expertise-heterogeneous design approach: A case study on designing for mobility",0,2,0,0
24718be8-03d9-42d3-9b9e-e03ac4ca886a,An Integrated Model for Strategizing with the Base of the Pyramid: An Action Research into a Mexican Agribusiness,0,0,0,0
e82e545a-72b3-4eb8-b984-05fa335516d8,Analysis and Design Web Based System in LPPM UMN,0,0,0,0
a8d3d7b1-92ea-46c0-a3ce-93df12e26101,Anti-Patterns for an Industrial PhD in the Field of ICT,0,0,0,0
fe452dcd-2c7a-433e-b3b7-cfbe94cbc2a4,APPLICATION OF THE TOPSIS METHOD FOR PRELIMINARY ASSESSMENT OF TECHNOLOGICAL TRANSFER OPTIONS.,0,0,0,0
5058977c-5159-4fe7-8c5f-130f2d074952,Applying Action Design Research ({ADR}) to Develop Collaboration Virtual Programming Laboratory as Supporting System For Student Centered Learning,0,0,0,0
6e328819-63ff-4711-bf3e-982f7b998d58,Applying Automated Test Case Generation in Industry: A Retrospective,0,1,1,0
1c0ee973-f038-4da2-b795-2e68b0bafdc2,Applying Data Analytics towards Optimized Issue Management: An Industrial Case Study,0,0,0,0
2ae82572-bd34-47c7-8775-71f5e61396ff,Applying Design Science Research to Design and Evaluate Real-Time Road Traffic State Estimation Framework,0,0,0,0
6b70aaf1-1f6d-4903-8c37-2a8fcd9d10e4,Applying Options Thinking to Shape Generativity in Digital Innovation: An Action Research into Connected Cars,0,0,0,0
b9284d48-b08d-4f8f-a4cd-61136a811795,Applying service-dominant logic to recurrent release of software: an action research study,0,0,0,0
66ec988a-a0d0-42ef-b22b-02c77eae6092,"Applying UML/MARTE on industrial projects: challenges, experiences, and guidelines",0,1,0,0
52272e5f-277c-48b7-994d-cd83e9ea4d96,Apprentice perceptions of work based learning: preliminary observations,0,0,0,0
223ff70d-7cdf-4110-b21d-e8b64f94cb56,"Approaches, success factors, and barriers for technology transfer in software engineering—Results of a systematic literature review",0,2,0,2
a85b5b01-e9d8-4e26-8916-b013b1092108,Artifact Compatibility for Enabling Collaboration in the Artificial Intelligence Ecosystem,0,0,0,0
f4270c37-5261-40b9-9919-6da93fbcbfaa,Assessing individual contributions to software engineering projects: a replication study,0,0,0,0
78133793-12fd-458b-802f-2b6ec008333a,Assessing requirements engineering and software test alignment—Five case studies,0,0,0,0
82e705ad-5aef-42c3-8c1c-47d4c742fffa,Assessing the effects of introducing a new software development process: a methodological description,0,2,0,0
f4e95114-2003-4a8f-8f3e-e135d4052db8,Assessing the Kinect technology acceptance/diffusion into healthcare (the case of physical therapy),0,0,0,0
de98ac8d-2fb5-4560-ac25-64987315ff25,ASSESSMENT OF INTERPROFESSIONAL COLLABORATIVE PRACTICE: SPANISH VERSION THE AITCS SCALE,0,0,0,0
68ccc225-fadd-44d6-b1b6-6e9aefd00d48,Assessment of Safety Processes in Requirements Engineering,0,0,0,0
d83335e9-6b8a-435f-b2d6-3cac9a39671c,Assisted requirements selection by clustering,0,0,0,0
401c9e43-da57-4a8e-b057-2205ca5e1935,Automated Refactoring of OCL Constraints with Search,0,0,0,0
0f227ae7-7346-4ed6-bb19-624c247d50b0,Automotive UX design and data-driven development: Narrowing the gap to support practitioners,0,0,0,0
c01764d1-99ef-4870-9649-9fac5a9662cf,Benefits and drawbacks of software reference architectures: A case study,0,0,0,0
3d877bfa-66ed-41b8-8718-694c9ed0224f,Big Data System Development: An Embedded Case Study with a Global Outsourcing Firm,0,0,0,0
644e534b-34a7-4293-954e-005924da5292,Board 34: A Cross-Institution Collaboration: Analysis of Power Electronic Technologies for Solar Panel Arrays,0,0,0,0
77ae9e9e-f4b9-422c-ae9c-d178c8be3a97,Botched Releases: Do We Need to Roll Back? Empirical Study on a Commercial Web App,0,0,0,0
788e9ac9-388c-4087-aa5c-02a1e15d5167,"Brazilian SMEs' innovation strategies: agro-industry, construction and retail industries",0,0,0,0
ea36c28f-0489-48a8-bf5a-000397d756b5,Bridging Design Thinking and EntreComp for Entrepreneurship Workshops: A Learning Experience,0,0,0,0
7601c1a9-0dfa-42b7-97a8-a2fff7911975,Bridging the 'Valley of Death': Can Agile Principles Be Applied in Industry-Academia Research and Innovation Projects?,0,0,0,1
8a71387e-bf42-4ddd-92f4-37bb2ab7ca2d,Bridging the Gap in Technology Transfer for Advanced Process Control with Industrial Applications,0,0,0,1
a2cbd2c2-4848-4bd8-b38a-b1e2e450810d,Bridging the Gap: Voices from Industry and Research on Industrial Relevance of SPLC,0,0,0,0
cf22e5ac-a8bb-4054-b814-ed88e063f027,Bridging the Industry-Academia Collaboration Gap a Focus towards Final Year Projects,0,0,0,0
6486c68d-fa38-4f77-a984-ca0ec4740633,Business value appropriation roadmap for artificial intelligence,0,0,0,0
a24930df-4acd-4ad3-afa5-3eca738326cc,Capturing Cost Avoidance through Reuse: Systematic Literature Review and Industrial Evaluation,0,0,0,0
b9991b6b-934b-4341-8b41-4b10aa7f9da8,Case Studies of Industry-Academia Research Collaborations for Software Development with Agile,0,1,0,2
371eeffc-ed38-471b-9abb-0ef60a935b38,Certus: an organizational effort towards research-based innovation in software verification and validation,0,0,0,0
cb48e5d7-aa21-43af-954a-e45e492189cf,Challenges and best practices in industry-academia collaborations in software engineering: A systematic literature review,0,0,0,0
3cd32512-3ee2-4812-8205-06c52b61728c,Challenges of structured reuse adoption—Lessons learned,0,0,0,0
bf8d5e6a-6ee2-4d8b-83f7-6c0b940d122c,Changing Museums Through Cooperation and Collaboration,0,0,0,0
b6e84708-f5a2-455e-9a5e-22448f5de4ab,Characterizing industry-academia collaborations in software engineering: evidence from 101 projects,1,2,2,2
f9b4f99a-e8a0-438e-968a-5c2c5ffc19ff,Characterizing Sampling Frames in Software Engineering Surveys.,0,0,0,0
79fcf23a-0f34-493f-b43e-270cb110a15d,Classification of Issue Discussions in Open Source Projects Using Deep Language Models,0,0,0,0
93f245aa-2229-4f3e-9f90-6ee855ad0b62,Closing the practice loop: Practice design research,0,0,0,0
9543b41a-8e9c-4146-a87d-8f4e76e70dc3,Cloud-Native Observability: The Many-Faceted Benefits of Structured and Unified Logging—A Multi-Case Study,0,0,0,0
582fcb8b-1b05-4522-b7aa-7f844e19ee42,Codex: A metamodel ontology to guide the execution of coding experiments,0,0,0,0
f97f38d5-4312-4fa5-b197-4c16ab972ce8,Collaborating to deliver value in health care: exploring conditions required for successful healthcare and life science sector collaboration,0,0,0,0
e8a8b0c0-35c2-4811-91c5-b803964b35d3,Collaborative research partnerships for knowledge mobilisation,0,2,0,0
98bfcb04-d50f-4484-b3f2-402c8ee8457a,Collaborative research project networks: Knowledge transfer at the fuzzy front end of innovation,0,0,0,0
c38b552c-9bd8-4c75-9d83-2f35997fb7ea,Communal Antecedents in the Adoption of Secure Coding Methodologies,0,0,0,0
3bec901e-2073-4743-afc2-23f48538123c,Communication between Developers and Testers in Distributed Continuous Agile Testing,0,0,0,0
e5c26d0f-6f10-490a-96d5-3ef9f35819ac,Comparing Value-Driven Methods: an Experiment Design.,0,0,0,0
cdd7bfdd-fb36-41ba-b997-d234ddb3407e,"Comparison between Single, Dual and Triple Rapid Serial Visual Presentation Paradigms for P300 Speller",0,0,0,0
2bc0ee59-eb5a-4076-8be0-029585d5ace1,Competing values framework application to organizational effectiveness in voluntary organizations: A case study,0,0,0,0
7920f465-ddaa-4179-a1d2-228a3dcc1ffb,Complementary Technology Traces in Software Practice: A Retrospective Reflection over Sixteen Years of Evolution at Ericsson,0,0,0,0
31550a0c-31fe-4137-a68e-904f5653ec42,Concept Analysis in Programming Language Research: Done Well It is All Right,0,0,0,0
f8e7d0dd-3b13-496f-8342-d752897d9da9,Conceptual modeling to support system-level decision-making: An industrial case study from the Norwegian energy domain,0,0,0,0
38d5916f-e081-4316-bad7-cf3e4aa9ffdf,Context checklist for industrial software engineering research and practice,1,2,0,2
a13f7b09-4860-4756-af45-28233f7ffb90,Contextualizing Competence And Learning For Industry 4.0,0,0,0,0
057b8b1b-f1c5-43ad-8984-64f36484720a,Contextualizing Research Evidence through Knowledge Translation in Software Engineering,1,2,0,2
d8d08dca-5705-4920-949b-ec7b34fd342c,Continuous and collaborative technology transfer: Software engineering research with real-time industry impact,1,2,2,2
cd37512c-8be9-466e-b9a0-941286e9dff7,Continuous API Design for Software Ecosystems,0,0,0,0
6d6d456d-68cb-4258-b4f0-93666a40cf5a,Continuous Management of Design- and Run-Time Artifacts for Self-Adaptive Systems,0,0,0,0
db1cbf00-d7bd-4bcb-9d0d-6941e29ae078,Cooperation between knowledge-based institutions and business: empirical studies and network theories,0,0,0,0
01972b0b-94e9-4638-afbe-b9aac720a308,Costs and obstacles encountered in technical debt management â A case study,0,0,0,0
320eb040-f4bc-40f3-80ca-e34a81b4eebe,Critical Issues in Requirements Engineering Education,0,0,0,0
07aac054-a1eb-4fe6-8a95-abb68700668a,Critical success factors (CSFs) in university-industry collaboration (UIC) projects in research universities,0,0,0,0
56aec799-32ac-4091-95d8-2c5b5f27c038,Critical success factors in the stages of technological transfer from university to industry: study in the Andean countries,0,0,0,0
590eec6a-c43c-42ba-bc66-4e93f60c3344,Critical Success Factors of University-Industry R&D Collaborations,0,1,0,0
fa2c4ac3-46e6-4c91-89aa-802c715fb39b,Data governance as a collective action problem,0,0,0,0
0a132d4a-14ae-4d3a-a3f6-e2e4140b7ef6,Data Sovereignty for AI Pipelines: Lessons Learned from an Industrial Project at Mondragon Corporation,0,0,0,0
d6c8c452-aae4-4d4f-8ad9-0a485ae8984b,Decision architect â A decision documentation tool for industry,0,0,0,0
212d706d-05d2-427f-9f69-c15128b770a1,Degree apprenticeships: Disruption or business as usual,0,0,0,0
0574a82c-4069-4c74-b4b9-2b3762ad1ce7,Demystifying big data adoption: Beyond IT fashion and relative advantage,0,0,0,0
d64c2171-1d5b-4924-a3fe-7341dca12d92,Deploying TESTAR to enable remote testing in an industrial CI pipeline: a case-based evaluation,0,2,2,0
8116e08a-3166-4966-b542-49b33c637934,Design and simulation of Perturb and observe Maximum Power Point Tracking in MATLAB and Simulink,0,0,0,0
259205eb-4061-4c27-9317-48fcd4b3001a,Design science in the field: practice design research,0,2,0,0
6be7b182-a7db-4b79-8548-f7d0df3c7f93,Design Science method and theory in a construction and engineering context:“a phronetic tale of research”,0,1,0,0
b344dfb2-cf01-48bf-b7d6-73ea81bfbfb1,Designing and orchestrating embedded innovation networks: An inquiry into microfranchising in Bangladesh,0,0,0,0
5d1217c5-eacd-4fb6-9c6f-7e6746e379a7,Detecting Latent Topics and Trends in Software Engineering Research Since 1980 Using Probabilistic Topic Modeling,0,0,0,0
06a56dd4-4d0d-4282-b939-ef4fd49cf1c0,Detecting requirements defects with NLP patterns: an industrial experience in the railway domain,0,0,0,0
7cf23e5d-6359-4691-bccd-e615939a2371,Developing and using checklists to improve software effort estimation: A multi-case study,0,0,0,0
fc1a55da-b44a-427e-98d3-b301c376cf42,Development of framework for an integrated model for technology transfer,0,0,0,0
696db72c-2a03-4711-bf46-fcd340debac1,Difficulties in Running Experiments in the Software Industry: Experiences from the Trenches,0,1,0,0
3f272226-17ef-4a76-9f04-1926d223aaa8,Difficulty Factors of Obtaining Access for Empirical Studies in Industry,0,2,0,0
3d7413be-a147-4d25-a34c-eb0908c0dcbb,Digital inclusion of elderly citizens for a sustainable society,0,0,0,0
840fdac1-0c7d-49b1-b360-a22fdd183d01,Documentation-as-Code for Interface Control Document Management in Systems of Systems: A Technical Action Research Study,0,0,0,0
4eb29b92-ec0a-4c90-a59e-a592aab64b10,Does academic research have practical relevance? A question of translating hydrology research into practice,0,0,0,0
48222359-65c4-47f3-abde-d5d77c34decd,DRR technology sharing and transfer through web-based platforms: Lessons learned from Korean studies,0,0,0,0
229eb493-e902-48b5-9138-d0dc718a585a,Educating the Global Maritime Professional—A case of collaborative e-learning,0,0,0,0
f35a7d2e-fb77-4b38-b427-5c9dff7c875d,Effective customer relationship management at ATB financial: a case study on industry-academia collaboration in data analytics,0,0,0,0
842fa9a3-5ddc-497c-b52a-7c32ea9ecdb6,Emerging Requirement Engineering Models: Identifying Challenges is Important and Providing Solutions is Even Better,0,0,0,0
55b37fd1-ea60-4622-ad7b-e7eb45ad3722,Emperor’s new clothes: Transparency through metrication in customer-supplier relationships,0,0,0,0
cea81021-d755-4644-9e54-68931fdf6c50,Empirical Research in Software Architecture: How Far have We Come?,0,0,0,0
929fc4ec-c56d-4ba1-a78d-fa0af44c13aa,Empirical software engineering experts on the use of students and professionals in experiments,0,0,0,2
5392e8c2-87a6-448d-8308-0307ef1dcf5e,Empirical Strategies in Software Engineering Research: A Literature Survey,0,0,0,0
1bf07c51-8bf5-464a-8cd5-72a3f6950119,Empirical Studies in Question-Answering Systems: A Discussion,0,0,0,0
f3bc2fde-60c0-4ce9-bc49-f65ce05ff076,Empirical study of the evaluation of perspectives to knowledge capitalisation in Brazilian software industry,0,0,0,0
2cb51f2e-2e0b-4b2b-b9b2-5d626355fa66,Empowering Testing Activities with Modeling,0,0,0,0
0987174a-72e7-499b-a6b7-5a2d9b1862ba,"Enablers facilitating industry-academia, transnational education and university-community partnering agility in higher education",0,0,0,1
018ac02f-8b67-46bb-b83a-03dc780c8063,"Enablers, challenges and relationships between research impact and theory generation",0,0,0,0
08ffde16-ddf6-4aaa-aed7-0f48474d1e69,Enabling automated integration of architectural languages: An experience report from the automotive domain,0,0,0,0
0e111902-fed7-4ad4-bf21-640389d2ab20,Enabling effective operational risk management in a financial institution: An action research study,0,0,0,0
a6fb9991-1f43-425f-8fba-66785ab70212,ENACTEST-European Innovation Alliance for Testing Education.,0,0,0,0
4513c753-67ac-417e-a0be-90db5507f715,Energizing collaborative industry-academia learning: a present case and future visions,0,1,2,2
cd0b90d3-9118-40f4-8e1c-4f64f6aa2b28,Engaged problem formulation in IS research,0,0,0,0
0b091fcb-7c1d-423a-9ce0-4820102cfce8,"Engagement, determinants and challenges: a multinational systematic review of education-focused university-industry collaborations",0,0,0,0
8695426e-f023-447f-8bf9-5c824423fbe3,Engineering ai systems: A research agenda,0,0,0,0
e0a2dbba-1021-41fa-93c1-8171a2d551c3,Engineering Education Gaming: Case Study of Engineering Ethics Game Modeling,0,0,0,0
1190a7dc-b512-447c-85db-2ffd15d874dc,Ensuring the Quality of Research Objects in the Earth Science Domain,0,0,0,0
8cc05605-3c54-447b-b682-4edbe0be4b48,Establishing and implementing data collaborations for public good: A critical factor analysis to scale up the practice,0,0,0,0
19541daf-cb13-4413-b680-11af59fa8f2e,Establishing Long-lasting Relationships between Industry and Academia.,0,2,2,1
d015e604-62ba-4d90-9d83-7fbbf714bd37,Estimating Energy Impact of Software Releases and Deployment Strategies: The KPMG Case Study,0,0,0,0
b3bcaadc-55a1-4a2b-8128-773912ce248d,Ethical Interviews in Software Engineering,0,0,0,0
c6c2ce06-0d69-4c70-940d-57fff19eb985,Evaluating an emergency management decision support system with practitioner-driven scenarios: action design research,0,0,0,0
ee621158-c8ab-4fae-ab16-ca9c78dbdac0,Evaluating and strategizing the onboarding of software developers in large-scale globally distributed projects,0,0,0,0
d77fbda6-320b-40bd-9e2f-5115103aff1f,Evaluating the efficacy of value-driven methods: a controlled experiment,0,0,0,0
31d3f609-7df9-4926-a3d4-ebe3abad6c5a,evaluation and Comparative Analysis of Semantic Web-Based Strategies for enhancing educational System development,0,0,0,0
6613debd-9304-424d-b1b8-ed63f5470156,Evaluation of a Stakeholder Satisfaction-oriented Method for Prioritising Change Requests,0,0,0,0
5815d8c6-0d3f-4033-8cb0-80d76d912446,Evaluation of information system investments: a value dials approach to closing the theory-practice gap,0,0,0,0
310194d2-f0d0-4bd5-b99b-75404540d259,Evaluation of Software Fault Proneness with a Support Vector Machine and Biomedical Applications,0,0,0,0
d3d088e6-5602-4ff0-9e47-8d70d2195ef0,Evaluation of the Impact of Collaborative Research on Robust Design Methodologies: A Large Scale Empirical Case Study with an Automotive OEM,0,0,0,0
e53c68c5-b72c-4aa9-80e2-9b133e70580c,Evaluation of the information systems research framework: Empirical evidence from a design science research project,0,0,0,0
442f0aa0-d6f7-4c75-90af-e7f8b50b3ab1,Experience-Based Guidelines for Effective and Efficient Data Extraction in Systematic Reviews in Software Engineering,0,0,0,0
ee4f72f7-0ee6-4170-b1d0-7481fca882de,Experiences in Using Practitioner's Checklists to Evaluate the Industrial Relevance of Requirements Engineering Experiments,0,0,0,1
b24a774e-d557-4101-a6f4-cda40bbc091c,Experimental validation of a risk assessment method,0,0,0,0
44a84a14-a30b-4ea6-968e-6384bf227c8a,Exploring and Improving Industry-Academia Communication in Software Engineering,1,0,2,2
20923032-61bf-4704-89c3-8f13613e1143,Exploring capabilities of international technology transfer intermediaries between emerging and developed countries,0,0,0,0
0050872d-eb46-4dd7-aef3-3bbf6ace0a78,Exploring ML testing in practice: lessons learned from an interactive rapid review with axis communications,0,0,0,0
00d8feae-a86d-48b1-a76b-0130e9ee8c7d,Exploring Opportunities with Experimental Use of Communicative Spaces to Overcome Defensive Routines and Increase Information Systems Utilization,0,0,0,0
1bd64fe3-f16c-4186-931f-b7c52f3b7414,"Exploring the Dimensions of University-Company Collaborations: Research, Talent, and Beyond",1,2,2,1
e04a5577-3f5d-4174-abe6-d86258c7f716,Exploring the industry's challenges in software testing: An empirical study,0,0,0,0
391d3ae8-3383-414c-91a8-5204f3b3510f,"Exploring the Interconnectivity of Risk Management, the Human Element, and Action Research: A Canadian Arctic Perspective",0,0,0,0
405ecef1-d0a7-4fb8-97a6-0ceeca600610,"Exploring the role of knowledge, innovation and technology management (KNIT) capabilities that influence research and development",0,0,0,0
ee0e061d-8b80-4483-ab47-843a42091495,Exploring the Under-Explored Terrain of Non-Open Source Data for Software Engineering through the Lens of Federated Learning,0,0,0,0
5d68579f-3f01-4c5c-ad15-296916479d74,Extension of SIR method with interval type 2-hesitant fuzzy set to aggrandize industry--university collaboration projects in South Korea,0,1,0,0
870c6e51-4564-4146-a294-729d0f932075,EXTERNAL ASSESSORS’PERCEPTION TOWARDS FINAL YEAR PROJECT,0,0,0,0
244858fe-c254-4fa7-9ae7-5eae503496d7,Extraction of protein-protein interactions using natural language processing based pattern matching,0,0,0,0
c985e9b4-b726-4f1b-8659-2842e24077d2,Extraction of Test Cases Procedures from Textual Use Cases to Reduce Test Effort: Test Factory Experience Report,0,1,0,0
4ed4d38f-1653-4357-8d5b-8b788b72a14d,Fashion education in Sri Lanka: the nexus between formal and informal education,0,0,0,0
4b17a122-ef66-41be-a194-f4bff5d558c3,Fast Feedback Cycles in Empirical Software Engineering Research,1,2,1,0
422a4dd5-4d4d-4204-a444-2838dd7f71bc,Final Year Students' Approaches to Implementing Complex Distributed Systems,0,0,0,0
b83854da-9996-4a92-8038-a66584a2eafb,Flipped healthcare for better or worse,0,0,0,0
ec2ceb27-5ff3-4109-b252-58a2ca13d5a1,"Fontys ICT, Partners in Education Program: Intensifying Collaborations Between Higher Education and Software Industry",0,0,0,0
22afccc9-d796-4daa-b1e2-393464855db3,Fostering Industry-Academia Collaboration in Software Engineering Using Action Research: A Case Study,1,0,2,2
f2119779-665e-4041-97e2-9293f9312f73,Framework for Analysis of Multi-party Collaboration,0,0,0,0
8508cad8-2ad1-43d2-9460-118b149bb45a,Framework for empirical examination and modeling structural dependencies among inhibitors that impact SPI implementation initiatives in software SMEs,0,1,0,0
ca1dc85c-0bdf-4961-936d-b84aa402c6c8,From AMALTHEA to RCM and Back: a Practical Architectural Mapping Scheme,0,0,0,0
77341a1a-b360-47cc-a2c6-fc73553def27,From Blackboard to the Office: A Look Into How Practitioners Perceive Software Testing Education,0,0,0,0
30e669ec-e85e-4422-8e37-9b9ff14173ab,From Ivory Tower to Democratization and Industrialization: A Landscape View of Real-World Adaptation of Artificial Intelligence,0,0,0,0
312cbd6e-b88e-421d-b95c-6c48446397ba,From Research Topic to Industrial Practice: An Experience Report,0,0,2,1
9e3430a7-9f4c-4966-aa54-6e81be0f693c,From User-Centered to Adoption-Centered Design: A Case Study of an HCI Research Innovation Becoming a Product,0,0,0,0
2700ca1b-8743-46a9-9d70-13826965412e,Gap between academia and industry: a case of empirical evaluation of three software testing methods,0,0,0,0
6e293f6b-a737-4e40-a08b-e0862c57215b,Generating Real-World Impact from Academic Research: Experience Report from a University Impact Hub,0,1,1,0
433219d4-f06e-4f6f-a50d-a255c0209e4b,Generative Modeling Games for Exploratory Industry-Academic Research,1,2,2,1
1bbfec72-93e0-4501-a402-1d0432b230f5,Governing nonprofit platform ecosystems--an information platform for refugees,0,0,0,0
f8e70ef1-0cd7-4d9f-aa7e-0c9b0ca07308,Government Strategies Towards IP Management,0,0,0,0
d2409f10-a3b9-494c-aa13-f77704aaa11a,Grounded Design-a praxeological IS research perspective,0,0,0,0
0a30a365-f223-4fb3-be57-c69d1a943d76,Guidelines for conducting interactive rapid reviews in software engineering -- from a focus on technology transfer to knowledge exchange,0,2,0,1
524252f2-7b2f-4a99-ba38-aeab022d3bb1,Guiding the selection of research methodology in industry–academia collaboration in software engineering,1,0,2,2
74493b06-d148-42d0-922b-301f35125226,Harnessing Automated Test Case Generators for GUI Testing in Industry,0,0,0,0
f9af274b-411e-42f7-a4e2-44fe9d682c7f,Heuristic Approaches to Improve Product Quality in Large Scale Integrated Software Products,0,0,0,0
0be0a827-3dea-4c5e-9d46-1e327ebaf6a1,Hierarchical Multi-tenancy in Business to Business Software Services,0,0,0,0
cd25c6db-bca3-44d8-85e4-afe56dc68df7,Higher Education Support to Small Medium Enterprises: A Local Experience in Energy Efficiency,0,0,0,0
ea5d6280-3f22-4b60-8017-17e10595c4bf,How agile methods inspire project management-the half double initiative,0,0,0,0
573ae03a-f476-42f7-ad48-cfe79436327b,How do Practitioners Perceive the Relevance of Requirements Engineering Research? An Ongoing Study,0,0,0,0
b0b4616c-dc4f-48ee-b54a-d2992c6efb4e,How has agile methods inspired an industrywide project management initiative,0,0,0,0
af7aafc1-7fe1-4481-9c94-ab1082cad1dd,How software engineering research aligns with design science: a review,0,0,0,0
528eed84-e8c3-440d-b40f-2309d406332a,How to Effectively Reduce Tens of Millions of Tests: An Industrial Case Study on Adaptive Random Testing,0,0,0,0
c9d7597e-0413-4a2a-8a8b-03973c5b6499,How to Increase the Likelihood of Successful Transfer to Industry -- Going Beyond the Empirical,0,2,2,0
23f6f774-1f09-4e7c-85f9-77cb04813cb4,How to Realize Business Value through a Big Data Analytics Capability--Results from an Action Design Research Approach,0,0,0,0
32e609cd-5877-4c0e-86fe-f8291d140d26,How to reduce the UX bottleneck--train your software developers,0,0,0,0
cfc87718-b9eb-4bec-84e2-3b412030598e,ICT-enabled refugee integration: A research agenda,0,0,0,0
7b6de8c2-d8cc-4971-84a4-f31b72f43430,Identifying critical factors for agility in innovation ecosystems: an exploratory study in the agriculture sector,0,0,0,0
d95cec53-9a70-4a5c-a282-2ab4bf6f0152,iDispenser — Big Data Enabled Intelligent Dispenser,0,0,0,0
c6322738-8c12-49c3-8e5d-6282318acbc6,Impact of Software Engineering Research in Practice: A Patent and Author Survey Analysis,0,0,0,0
5ed7c9db-e888-4725-ad09-ad9d959d7a91,Improving classification accuracy in crowdsourcing through hierarchical reorganization,0,0,0,0
633c7335-e57b-4dde-b566-0d007ba71f13,Improving Continuous Integration with Similarity-Based Test Case Selection,0,0,0,0
c568f915-2b18-4ed3-8e8f-636f2132b540,Improving ISD agility in fast-moving software organizations,0,0,0,0
54fabedb-c874-46d5-8d7b-464160e3c748,Improving the Impact of Big Data Analytics Projects With Benefits Dependency Networks,0,0,0,0
d7b63e11-e8de-4a52-b9ba-ec8302ee860a,Improving the use of analytics and big data by changing the decision-making culture: A design approach,0,0,0,0
c38ac7f7-075e-4de4-bdf4-e54e894a088c,In Quest for Proper Mediums for Technology Transfer in Software Engineering,0,2,0,1
ea3ec188-970b-4fb9-b8e8-10347a3383ff,Inconsistent and incongruent frames during IT-enabled change: An action research study into sales process innovation,0,0,0,0
7d1557b9-5e81-41fd-ab5d-97432372cabe,Increasing the impact of industry--academia collaboration through co-production,0,0,0,0
8b2e6c0e-db1e-45a6-8cff-38f7f5604d88,Industrial Collaboration in Vocational College: A Preliminary Study,0,0,0,0
b62336aa-d03f-4937-b4ce-068d0e1c1276,Industrial Requirements for Supporting AI-Enhanced Model-Driven Engineering,0,0,0,0
15aee8b2-0d67-4ce7-90e9-2215b6bd22cb,Industry projects in requirements engineering education: Application in a university course in the US and comparison with Germany,0,0,0,0
ba23d4fe-5f39-4b3b-90e3-6512a03ddb4b,Industry-academia collaboration for realism in software engineering research: Insights and recommendations,1,2,2,2
3e4315bb-3f7b-430f-b9d5-926f7cc03e7b,Industry-academia collaboration in software testing: An overview of TAIC PART 2015,0,0,0,1
a4e35a14-9914-45ba-bdfc-cc6bb91090cf,Industry-Academia Collaboration: Conflicts and Strategies to Stimulate Innovation and Employability,0,0,0,0
d55a895e-d24d-4c92-8db3-48338191583d,"Industry-Academia Collaborations in Software Engineering: An Empirical Analysis of Challenges, Patterns and Anti-Patterns in Research Projects",1,2,2,2
f2cb762b-567c-4f2e-bb96-11cf14305bb9,Industry-Academia Research Collaboration and Knowledge Co-Creation: Patterns and Anti-Patterns,1,2,2,2
e55ff641-1bbb-42fe-b53e-e035758b2472,Industry-Academia research collaboration in software engineering: The Certus model,1,2,2,0
d21a6767-f297-403b-950d-a7bf85970df0,Industry-Academia Research Collaborations During and After COVID-19,0,2,0,2
c876e1e7-0139-4ab8-bd45-5e7b78eace1e,Industry-Academy Collaboration in Agile Methodology: a Systematic Literature Review,0,2,2,1
ee7d6c8d-9ee6-4f00-adb3-4cae646d2685,Industry–academia collaborations in software testing: experience and success stories from canada and turkey,1,2,2,2
4cf6ec23-e678-4771-ba78-6b2d554a150c,Information systems in India: Dare to cross,0,0,0,0
5b8efd40-dc2e-4851-a85d-67b28a5003df,Inner source software development: Current thinking and an agenda for future research,0,0,0,0
8a6d8893-ae3d-4da0-97c5-c544d4ed57c3,"Innovation Processes in Indigenous Communities in the North-Cultural, Psychological and Technological Knowledge in Practice",0,0,0,0
9a63ac00-474e-4df4-8cfa-70ad8bcbca25,Insights into practitioner design science research,0,0,1,0
fa366782-8617-4fe8-874a-53640c483ba5,"Integration of SE Research and Industry: Reflections, Theories and Illustrative Example",1,2,2,2
57ab7dfb-d85e-413e-9850-8e7cb73728e5,Integrative Double Kaizen Loop (IDKL): Towards a Culture of Continuous Learning and Sustainable Improvements for Software Organizations,0,0,0,0
43cdab9f-2c46-4748-beca-b84654986681,International Scientific Collaboration in Artificial Intelligence An Analysis Based on Web Data,0,0,0,0
70c2ae91-6f6f-462f-b51a-34ad4771a9db,International technology transfer as an effective tool of export-oriented import substitution in Russia,0,0,0,0
4b83106d-1da1-47d2-8185-e2d63d2c4cda,Interspecies information systems,0,0,0,0
a4868280-07a2-460b-b1c0-b8bd6dec689b,Interventions for long-term software security: Creating a lightweight program of assurance techniques for developers,0,0,0,0
84010285-ad79-454a-94bb-120751e85f6d,Interventions for Software Security: Creating a Lightweight Program of Assurance Techniques for Developers,0,0,0,0
6aca805c-40f6-49df-84dc-c1818f12c0a7,Introducing Data Science Techniques into a Company Producing Electrical Appliances,1,2,0,0
2cc102d2-1666-4950-92a5-61f1d0c15be5,Introduction of Visual Regression Testing in Collaboration Between Industry and Academia,0,0,1,0
c3dcbde6-4b11-4217-bf5c-3b5da692ef36,Introduction to the AI Engineering Theme,0,0,0,0
8fc86f76-21b1-4510-81fa-dbd27be6c23e,Introduction to the Continuous Architecture Theme,0,0,0,0
00dcc120-827a-4b70-9611-0dd245342388,Introduction to the Continuous Delivery Theme,0,0,0,0
ffc40e0a-c377-4258-95da-e0e9fbbfaa75,Introduction to the Customer Data and Ecosystem-Driven Development Theme,0,0,0,0
a533d334-0821-4907-96d8-7087f8f4c027,Introduction to the Metrics Theme,0,0,0,0
4196c931-c0d6-4bd8-9452-d3d90d38e773,Inventorying Systems: An Action Research.,0,0,0,0
c192718d-f28d-4cef-93c9-2662d3ee967f,Investigating probabilistic sampling approaches for large-scale surveys in software engineering,0,0,0,0
02973a96-18f3-43f6-acb8-ba8b96f101bf,Involving External Stakeholders in Project Courses,0,0,1,1
069fc53a-5120-432b-b99b-eafbac31f0b4,Is Effectiveness Sufficient to Choose an Intervention? Considering Resource Use in Empirical Software Engineering,0,2,0,0
83e9d52f-f127-438e-8d33-0c043776c60c,Is server virtualization implementation in business and public organizations a worthwhile investment?,0,0,0,0
fcedecd1-b0b5-4487-bbc2-64e513cefd98,IT project portfolio governance practice: An investigation into work design problems,0,0,0,0
7f10f66e-0eff-4244-9745-dd2a0434e8d7,It takes a Flywheel to Fly: Kickstarting and Growing the A/B testing Momentum at Scale,0,0,0,0
24c991b8-9373-4b92-8807-5a3f7fa710c2,It's a circular argument: Examining how a novel configuration impacts information flow in submarine control rooms,0,0,0,0
58dcfee7-677a-4e54-8a06-bad669d61254,IT-Based Revenue Cycle Management: An Action Research into Relational Coordination,0,0,0,0
35359190-27c7-4ef1-aa2d-34750d4fdf21,Key factors in university-to-university knowledge and technology transfer on international student mobility,0,0,0,0
b530521d-6670-4345-a692-d60c2dfc6c9e,Key management processes to technology transfer success,0,0,0,0
ac4349c3-a9b0-4b21-9e4d-f4d245936a4f,Knowledge and technology transfer in sustainability reports: Fomenting stakeholder engagement for sustainable development,0,0,0,0
55205b9d-e5f9-4cf7-9458-26ddc0fc1ce4,Knowledge Management in University-Software Industry Collaboration,1,0,2,2
40570939-b920-4d85-af86-3ac1f09a2d10,Knowledge transfer planning and execution in offshore outsourcing: An applied approach,0,2,0,0
d0e8280b-c8b4-4994-b1a6-49d3eb857448,"Knowledge Transfer, Sharing, and Management System Based on Causality for Requirements Change Management",0,0,0,0
972e5313-4d91-424a-b933-4893b7389c8a,"Knowledge, Skills, and Abilities for Specialized Curricula in Cyber Defense: Results from Interviews with Cyber Professionals",0,0,0,0
ee39a265-5775-4d16-9692-35d8ce41d5f7,Large-scale information retrieval in software engineering-an experience report from industrial application,0,1,1,0
5ab4663d-5879-425c-81b5-6430ef70c42e,Leading FAIR Adoption Across the Institution: A Collaboration Between an Academic Library and a Technology Provider,0,0,0,0
d72b915a-f8f7-4f8e-af1a-aae6e782b9a2,"Lean Development in Design Science Research: Deliberating Principles, Prospects and Pitfalls",0,1,0,0
3ba9a6d1-2475-414b-a1a4-0561b876b1d3,Lean Software Startup Practices and Software Engineering Education,0,0,0,0
77171e46-7637-4a60-b59d-57ef61461b24,Learning the lessons from a regional industrial energy efficiency initiative,0,0,0,0
63705d9b-b3db-4d93-96a6-eb5b5b4b33bd,Learning to be a Platform Owner: How BMW Enhances App Development for Cars,0,0,0,0
35bd5c77-8d97-44c5-87f6-f22fecd201f0,Lessons Learned from a Lean R\&D Project,0,0,0,0
fbffc562-3ba6-43df-90d0-aa9c8b229774,Lessons learned from a local industrial energy efficiency initiative,0,0,0,0
3c67356f-e9c8-4aeb-9705-a2dfeaad48e0,Lessons Learned on Research Co-Creation: Making Industry-Academia Collaboration Work,1,2,2,2
d600f96f-aeea-44f2-825d-4bf8017f0963,Let's not reinvent the wheel: A qualitative investigation of collaboration in the Australian GP education and training sector,0,0,0,0
8b9790d2-5a89-49e5-adce-5bf3b63cc99f,Leveraging organizational climate theory for understanding industry-academia collaboration,1,2,2,2
6b753df1-9b4f-49bb-ba69-d7e4b82a3731,Light-Touch Interventions to Improve Software Development Security,0,0,0,0
587b0363-26bc-4f35-859e-be554a6c13d5,Local spectral unmixing for target detection,0,0,0,0
c66b1451-491a-4b38-bbb0-3c7a9403d94c,LoCo CoCo: Automatically constructing coordination and communication networks from model-based systems engineering data,0,0,0,0
36b21db7-d2d5-4f2b-8dab-f92e4b6a5620,Machine Learning for Software Engineering: A Tertiary Study,0,0,0,0
17e304f4-affc-47a0-bfa0-f79a9d0c5739,Machine learning software engineering in practice: An industrial case study,0,0,0,0
d06472b9-4898-406a-ab81-a910bb0ea37c,Making design research relevant for design practice: What is in the way?,0,0,0,0
00c89038-37c9-4f09-b622-58ec719fbcf5,Making medicines: a case study in innovative academia--industry educational partnerships,0,0,0,0
2511d9db-9938-4c8c-bda6-1b3f539df355,Management of analytics-as-a-service-results from an action design research project,0,0,0,0
7fa32104-8d35-4d98-a93c-ef86d4233d32,Management Strategies For Knowledge Transformation: A Study Of Learning Effects In Industry-Union-University Collaborative E-Learning Initiatives,0,0,0,0
af471336-55f7-4b71-a2e5-c426ce8b6ae4,Managing software process evolution for spacecraft from a customer’s perspective,0,0,0,0
df661d31-30db-48a7-8752-317ea707bfdb,Mapping software testing practice with software testing research — SERP-test taxonomy,0,0,1,0
1987d969-1486-4596-accf-fc23f32b0e15,Mapping the State of the Art of Scientific Production on Requirements Engineering Research: A Bibliometric Analysis,0,0,0,0
7b4e269a-1134-4f3a-9ad8-e07bac280b6f,Measuring and Improving Agile Processes in a Small-Size Software Development Company,0,0,0,0
98d0878f-f072-471e-b753-6b60c09e57a8,Measuring Software Reliability: A Trend Using Machine Learning Techniques,0,0,0,0
a82f2605-4fdd-4cc7-94f8-598d4a396b21,Mediating boundaries between knowledge and knowing: ICT and R4D praxis,0,0,0,0
f4d22834-dae9-4dd9-98b0-e31ac301f20a,Meeting Industry-Academia Research Collaboration Challenges with Agile Methodologies,1,2,2,1
fde4082e-bc3c-4214-a29b-d007b705c6f7,MeSRAM - A method for assessing robustness of measurement programs in large software development organizations and its industrial evaluation,0,0,0,0
1bb2482c-dffd-487f-94d9-ef7d9bf84ef1,MeTeaMâA method for characterizing mature software metrics teams,0,0,0,0
2a9c3c5a-24b6-4f20-8484-105ad13fd5f4,Methodical Conversion of Text to Models,0,0,0,0
a13ba06f-80c5-4e7d-85a8-3e9f8b07b349,Mind the gap: A collaborative competence e-learning model between university and industry,0,0,0,1
41746e67-f329-402a-b00f-d3b81a8bb691,Misinformation Battle Revisited: Counter Strategies from Clinics to Artificial Intelligence,0,0,0,0
a67f90b6-f81a-4ce7-b76a-d084396bd84f,Mobilising knowledge: an action design research case study of using technology to safeguard an endangered nature-based tourism attraction,0,0,0,0
4112b07c-a550-4210-929c-a38bec49c281,Model-based Automation of Test Script Generation Across Product Variants: a Railway Perspective,0,0,0,0
5db974c2-4d55-4130-a3cb-842b9f7ec8be,Model-based generation of test scripts across product variants: An experience report from the railway industry,0,0,0,0
98cda6ab-8139-4035-89bb-a021784cae93,Model-based incremental conformance checking to enable interactive product configuration,0,0,0,0
b3cc0cac-6a08-44a5-8956-7f7de71a9bbd,Model-based testing in practice: An experience report from the web applications domain,0,0,1,0
c97051ba-ac47-4be5-9282-b62e5657686a,Model-based testing of digital TVs: an industry-as-laboratory approach,1,2,1,0
3f15d267-134d-4cdf-ac84-480cc618d777,"Modeling and Simulation as a Service infrastructure capabilities for discovery, composition and execution of simulation services",0,0,0,0
d8e13cfa-1d6a-428e-9b8f-393ae43b64a0,Modeling the software prototyping process in a research context,0,2,0,0
dfa6db71-4a2b-4fcd-a5eb-e06a849df897,Motivating the Contributions,0,1,0,0
782051d1-ebcf-4c91-a238-a55c6a5374c7,Motivating the contributions: An Open Innovation perspective on what to share as Open Source Software,0,0,0,0
c7605359-a0ed-41b2-adf4-19e4a0e9d1b6,Mutual knowledge transfer between industry and academia to improve testing withdefect taxonomies,0,2,2,1
bf9817ab-28ce-4916-ac23-239c7835ef5d,New Frontiers for Requirements Engineering,0,0,0,0
c87d1e6c-db03-4326-bc2f-f50be7c4ad14,Nine challenges for e-government action researchers,0,0,0,0
34cd48d9-974b-4a1d-bc65-538e93f58693,Nonconformity Resolving Recommendations for Product Line Configuration,0,0,0,0
8439a357-fc12-4c67-a80c-4039ae5e0b3f,On evidence-based risk management in requirements engineering,0,0,0,0
572a5a77-3944-41ff-94e1-58b78c11c145,On Supervising Master’s Theses in Industry Context,0,0,0,0
c412affc-fccd-47de-b34b-a708aea0ddc0,On the Alignment of Source Code Quality Perspectives through Experimentation: An Industrial Case,0,0,0,0
d50f572c-d23d-4932-9064-771f9cfc4fb4,On the complex nature of MDE evolution and its impact on changeability,0,0,0,0
ef47686e-a928-4d0f-a7b5-3b933213d01c,On the Effectiveness of Unit Tests in Test-Driven Development,0,0,0,0
0d202eee-972e-45aa-aef5-d6c3fdf430f7,On the Experiences of Adopting Automated Data Validation in an Industrial Machine Learning Project,0,0,0,1
b08f1398-65e2-4a25-b17c-c6f149be292e,On the Impact of Semantic Transparency on Understanding and Reviewing Social Goal Models,0,0,0,0
16ff4ea7-a727-4138-b640-526fbcad7f4f,On the Industrial Applicability of Augmented Testing: An Empirical Study,0,0,0,0
641a8ca5-8e53-4b63-8138-6851d28c7e0e,On the search for industry-relevant regression testing research,0,0,0,0
883507c4-d492-4bfe-8a71-d47a3588e4c6,On top of the consortium: Keeping control of consortium-building in ICT R&D programmes,0,0,0,0
80254de7-92b7-4d2c-89f7-3eae2be9d00d,Open meta-modelling frameworks via meta-object protocols,0,0,0,0
c2363ee6-7ae1-42a3-9526-4670f236f5d3,Optimization of the technology transfer process using gantt charts and critical path analysis flow diagrams: Case study of the korean automobile industry,0,0,0,0
36671358-a4fe-4ab2-96b3-e6539f7fb46e,Organized innovation: A framework for effectively managing innovation,0,0,0,0
3c1fbdc4-56b0-49c4-aca7-ae89c7ae4aa2,Organizing Empirical Studies as Learning Iterations in Design Science Research Projects,0,0,0,0
20b5c749-b4e2-424c-b4ab-0d0e9ed62134,Participating in an Industry Based Social Service Program: a Report of Student Perception of What They Learn and What They Need,0,0,0,0
48d5aeb5-030a-4ac2-bf64-66503620711f,Piggybacking on an Autonomous Hauler: Business Models Enabling a System-of-Systems Approach to Mapping an Underground Mine,0,0,0,0
37d9df8f-a75e-427f-959b-5b6d7eb4ced4,Planning for the Unknown: Lessons Learned from Ten Months of Non-participant Exploratory Observations in the Industry,1,2,1,0
9340e4ae-1651-4435-8bef-0a3bed69fc57,Pluralist theory building: A methodology for generalizing from data to theory,0,0,0,0
e08b08d7-8ad0-4148-8793-610176a280e5,Political maneuvering during business process transformation: A pluralist approach,0,0,0,0
52a101a7-0c4d-4cc0-88c7-01d21cad7845,Practical experiences and value of applying software analytics to manage quality,0,0,0,0
7a5e8b1d-02d3-42bd-866e-bf7084d7065f,Practical relevance of software engineering research: synthesizing the community’s voice,0,0,0,0
9de8353f-4d9e-4c57-914f-df3d86b3000f,Practice-based computing: Empirically grounded conceptualizations derived from design case studies,0,0,0,0
db6df764-e183-46e3-9015-77cc0357934b,Practices for Supervising Master’s Theses in Company Context: An Anti-Pattern Approach,0,0,0,1
86438c8c-989d-4472-9cff-d46a0a59e317,Practitioner’s view of the success factors for software outsourcing partnership formation: an empirical exploration,0,0,0,1
b0cfc811-9011-49f3-a204-4ae65ac6f24a,Predicting coauthorship using bibliographic network embedding,0,0,0,0
84763467-683b-4895-b726-35175ed3d581,Predicting Substance Use Disorder in ADHD Patients using Long-Short Term Memory Model,0,0,0,0
618d3616-6a37-46f3-ab75-6535bbb8dc2a,Problematizing in IS design research,0,0,0,0
64ce4ee9-f1c2-4b13-a714-ec2e266777db,Product innovation with scrum: A longitudinal case study,0,1,0,0
bde0bcbe-b2a6-4b75-903d-505cc9f58d1b,Product Planning,0,0,0,0
e2b9fd73-01a9-4257-a19f-041ba35444ad,Programming Language Adoption as an Epidemiological Phenomenon,0,2,0,0
278ae2df-2abd-489d-a09c-b97280e94f64,Project-based development as a model for transdisciplinary research and education,0,0,0,0
5c54f49b-20d1-40d0-929c-b1220620062d,Project-Based Learning with Examples from Industry in University Courses: An Experience Report from an Undergraduate Requirements Engineering Course,0,0,0,1
b398374f-43c6-4644-8d58-bd874bafbd3c,Proposal of a Fuzzy-QFD model for startup selection,0,0,0,0
8829b1ac-3faf-47e3-84ac-b2ee501f6a4c,Protocol and Tools for Conducting Agile Software Engineering Research in an Industrial-Academic Setting: A Preliminary Study,1,2,0,1
5e745cb3-13ea-4aaa-89ca-9c22c421f49a,Quality Indicators in Search-Based Software Engineering: An Empirical Evaluation,0,0,0,0
8afd9fd0-eea2-48a5-a018-3da7f1346ee5,Quality Requirements Analysis with Machine Learning.,0,0,0,0
866ebb60-019c-477e-96f8-06f677ab7640,Quality-aware rapid software development project: the Q-rapids project,0,0,0,0
b07e8f4d-802e-4dc9-b077-dcbc281cf485,Questionnaire Approach for Assessing Software Engineering and Quality Assurance Practices,0,0,0,0
70399efa-521e-4c23-a275-7b0af8daf68a,Questions for Data Scientists in Software Engineering: A Replication,0,0,0,0
70627bee-ae1f-4688-8e99-6ee02cd57174,Reaching Steady State in Software Engineering Project Courses.,0,0,0,0
1ebfd8ac-04f7-41df-b042-367edd09ec32,Reasoning about Research Quality Alignment in Software Engineering,0,0,0,0
6db9c5d7-861d-4926-9e0d-740662bf3c54,Recommended practices for effective management of academia--industry collaborative research teams in construction management,0,0,0,0
5c080b5d-faf2-4af2-922a-67eaf77c849a,"Recruitment, engagement and feedback in empirical software engineering studies in industrial contexts",1,2,2,2
33b91732-00c8-466e-aef9-410038748234,Redesigning a Postgraduate Software Engineering Module to Increase Engagement,0,0,0,0
0feeb6d1-f81d-4315-87cf-56b15cfa915d,Reducing Excess Requirements Through Orthogonal Categorizations During Problem Formulation: Results of a Factorial Experiment,0,0,0,0
c6d23749-c8af-4324-8c80-9148e30e1d09,Reflective technology assimilation: Facilitating electronic health record assimilation in small physician practices,0,0,0,0
9dbcd210-b01f-4863-aba6-87c565c35351,Reformations and Promoting Active Learning via Course Based Research [CBR] at the University of Fiji.,0,0,0,0
0f245ae1-b6f6-46d8-86cf-b57836695cf4,Release cycle management: An action research study into a software company,0,0,0,0
94c89ecd-3fab-4cdc-a364-70119b7a19ee,Representing software project vision by means of video: A quality model for vision videos,0,0,0,0
36cc3eb6-b368-42ad-acc4-be2dc2650287,Requirement management--controlling quality at the upstream in commercial software project management,0,0,0,0
b9da39d2-d904-4de0-a53b-104c50b4ef71,Requirements communication and balancing in large-scale software-intensive product development,0,0,0,0
14dbb876-72ec-4e9e-bc46-5d6a04711a4d,Requirements Engineering as Innovation Journalism: A Research Preview,0,0,0,0
6958b137-09f6-4876-8835-c82e4d7d0835,Requirements Engineering for Safety-Critical Systems: An Interview Study with Industry Practitioners,0,0,0,0
e4716648-c641-44f0-9093-00f88441c0ce,Requirements Engineering Process Maturity Model for Embedded Systems,0,0,0,0
51584d5e-a5b2-40c1-ac39-dab5904d6147,Requirements Traceability Technologies Selection for Industry,0,0,0,1
f357bf0f-1218-4141-b897-198f9acbe952,Research on effectiveness of technology transfer in technology alliances: evidence from Turkish SMEs,0,0,0,0
41278829-22cf-4908-9b8f-c5a71d079306,Research Perspectives: Improving Action Research by Integrating Methods,0,0,0,0
43f7d657-9eb2-401b-8fe4-9cdb2c30790f,Researching Cooperation and Communication in Continuous Software Engineering,0,0,0,0
c8bf8841-2b46-4102-be8a-47801b95e74d,Researching Dynamic Phenomena in Complex Organizations: Collaborative Practice Research with Theory Triangulation,0,2,0,0
70fbe3be-b333-4cba-9783-40800adb3719,Revisiting Criteria for Description of MDE Artifacts,0,0,0,0
1c5a7277-11af-402c-8172-7ac219cf149f,Roadblocks to Attracting Students to Software Testing Careers: Comparisons of Replicated Studies,0,0,0,0
b922f2d4-af63-43b6-9a35-84ad9b33ae7e,Roadmapping problems in practice: value creation from the perspective of the customers,0,0,0,0
2e73c474-79bd-42b6-abad-0361f74b8536,Robust Machine Learning in Critical Care—Software Engineering and Medical Perspectives,0,0,0,0
983a720e-d5ab-4028-8b2e-09e52e857cf5,Safety Practices in Requirements Engineering: The Uni-REPM Safety Module,0,0,0,0
b9fecfa3-3873-4fc2-b1dd-49fa1fdd7e93,Scalable Software Testing and Verification for Industrial-Scale Systems: The Challenges,0,0,0,0
82e175ab-59f4-45e8-9287-5d944083ee42,"Scaling agile in large organizations: Practices, challenges, and success factors",0,0,0,0
d49bf68c-94f2-4de5-9296-7e3acee20fc7,Scenario-Driven Continuous Mobility Requirements Analysis in Mobile App Maintenance,0,0,0,0
8691cd1b-d1c0-4106-9ca5-87654442ec61,Scientists' involvement in partnership for generation and dissemination of horticultural technologies and innovation in Africa,0,0,0,0
a7285ef9-d77b-4e2f-a3e7-24726f225caa,Scrum for product innovation: a longitudinal embedded case study,0,0,0,0
039aa683-685b-4f49-9694-ffb456e435fa,Search-based decision ordering to facilitate product line engineering of Cyber-Physical System,0,0,0,0
7bf2ae46-a6f4-4630-b153-240721fc9d54,Secure complex monitoring event processing,0,0,0,0
99519de9-65d4-4712-807e-a805558ec661,SEE_ME: Software Engineering Education Methodology Exploration,0,0,0,0
e6a189fb-e5cc-4eb5-9201-74f09bdcb1c7,Selecting the Right Topics for Industry-Academia Collaborations in Software Testing: An Experience Report,0,0,2,1
40d76ab7-6b4b-48ed-8650-0e94ec84b847,Semantic knowledge management system to support software engineers: implementation and static evaluation through interviews at ericsson,0,0,0,0
206d7a3c-b56d-484d-93e6-57245f368e03,Sentiment analysis tools in software engineering: A systematic mapping study,0,0,0,0
aee89067-2dc9-4ea8-991f-32eb852927bd,SERP-test: a taxonomy for supporting industry-academia communication,1,2,2,2
25381323-c01a-4693-ad9f-adf986275983,Similarity-based prioritization of test case automation,0,0,0,0
ba3ad09a-3137-4536-9aca-301d2997f816,Six issues in which IS and CSCW research communities differ,0,0,0,0
0a32d7d8-993a-418c-8ae0-a8d493e22531,"SoftCoDeR approach: promoting Software Engineering Academia-Industry partnership using CMD, DSR and ESE",1,2,2,2
a74a01fd-9407-42a1-9cd5-8edfccdba3e7,Software Development in Startup Companies: The Greenfield Startup Model,0,0,0,0
e3b2a2cc-8371-42f1-be04-aeea7da170ee,Software product assurance at the German space agency,0,0,0,0
09638949-d65f-47ba-aae6-2cdd9393fa4c,Software quality research: From processes to model-based techniques,0,0,0,0
c0897ca4-3abb-4ee1-bd61-0e657ac12bb0,Software requirements for interoperable and standard-based power system modeling tools,0,0,0,0
8208345b-2d8d-4875-8230-17df6201189b,Software startups--a research agenda,0,0,0,0
9b058000-cee0-4e08-afeb-4f7743083669,Software test process improvement approaches: A systematic literature review and an industrial case study,0,0,0,0
24fbdd0f-e74b-49b9-947c-3605b3535ca1,Software test results exploration and visualization with continuous integration and nightly testing,0,0,0,0
db28efa1-9a45-4369-9ffb-d533012b5ba9,Software-Intensive Product Engineering in Start-Ups: A Taxonomy,0,0,0,0
02a8f56f-4b71-443d-9c33-223ed1dfc08d,Start With Problems or Solutions? Medical Device Design in Industry and Academia,0,0,0,0
9d7bc004-a31b-4084-97f8-4b50ee9b25f6,"Startups Born Out of Academia: Structural Pattern of Monetization Failures, Rectified",0,0,0,0
2ad394ea-102c-4479-a9e8-76a85863e633,Status of Technology Transfer and Innovation in Ethiopia,0,0,0,0
ee3b219d-d6c1-47e3-9da7-37b65d179578,Strategizing for the bottom of the pyramid: An action research into a Mexican agribusiness,0,0,0,0
05a38f61-47f0-406c-822a-4a06d4c98852,Strengthening the Bridge Between Academic and the Industry Through the Academia-Industry Collaboration Plan Design Model,0,1,2,2
a6601cea-9e2b-459c-9cb8-64f150dc2683,Structural equation model of technology transfer from non-profit organisations to community product entrepreneurs,0,0,0,0
3ad0091b-fc39-4d1e-aba9-59d061536652,Structuring automotive product lines and feature models: an exploratory study at Opel,0,0,0,0
6f689cec-d3b8-4422-8b09-3b98c01a269b,STUDY OF THE DETERMINANTS OF THE ENTERPRISE'S CAPACITY TO ABSORB NEW TECHNOLOGIES.,0,0,0,0
fdd33b5a-88f0-4549-8300-2c8013913df0,Success Factors for Technology Transfer in Government Laboratories,0,0,0,0
49affd6d-c2e7-4c9e-a1e1-a0c90200d087,Success factors in University-Industry collaboration: lessons learned from a case study,0,0,0,0
c9629213-7429-428e-a0a5-0a010166a4a4,Successful combination of database search and snowballing for identification of primary studies in systematic literature studies,0,0,0,0
7e1f907b-4883-47cd-996c-eacff2d52139,Successful Engagement of Practitioners and Software Engineering Researchers: Evidence From 26 International Industry–Academia Collaborative Projects,1,2,2,2
4335bec4-89a3-4b06-afcb-3fba3408f9ba,Supporting Change Impact Analysis Using a Recommendation System: An Industrial Case Study in a Safety-Critical Context,0,0,0,0
c96d2af8-7949-4cae-9847-405809448ef2,Supporting defect causal analysis in practice with cross-company data on causes of requirements engineering problems,0,0,0,0
3d93c0fc-05f4-4c96-b38b-a3ea03789389,Supporting Diagnosis of Requirements Violations in Systems of Systems,0,0,0,0
6d849ccc-b438-423f-942c-c89621fd2820,Supporting Management Disciplines for Research and Development in Public Organizations,0,0,0,0
967d0b11-121f-4831-9c17-7f046163d6dc,Supporting refactoring of BDD specifications: An empirical study,0,0,0,0
8b2af440-8489-48be-8f66-50f932b85029,Suspense as a Driver for University-Industry Collaboration,0,0,0,1
71878c02-62f2-49f2-9986-8f1786827bc5,Sustainability analysis and ease of learning in artifact-based requirements engineering: The newest member of the family of studies (It’s a girl!),0,0,0,0
1000449b-261d-45a5-ba07-c6a9366daf7a,Systematic literature reviews in agile software development: A tertiary study,0,0,0,0
391be888-913e-4158-83c8-52191518ff3c,TASKS AND CHALLENGES IN PROTOTYPE DEVELOPMENT WITH NOVEL TECHNOLOGY--AN EMPIRICAL STUDY,0,0,0,0
aaf361c2-eb89-470f-83b9-cdd169bb44cd,Teaching Requirements Engineering with Industry Case Examples.,0,0,0,1
f99af62e-c5ca-42fd-b977-434430c68ceb,Teaching Research Methodologies with a Robot in a CS Lab Course,0,0,0,0
532d077e-ea35-42fa-a22d-8f8432dc5649,Teaching Software Developers to Perform UX Tasks,0,0,0,0
7575a5b4-8ab8-444f-a5dc-ac9fc061e8d6,Teaching software engineering through comics and micro-movie design projects,0,0,0,0
d3380851-729f-491e-ac41-47501772fb03,Teaching Software Product Lines: A Snapshot of Current Practices and Challenges,0,0,0,0
4d0d9ce8-89f1-445e-b202-958fc96f238b,Team Composition in Software Engineering Project Courses,0,0,0,0
9b7b25a8-66d3-4db6-bc1c-754edc0f385a,Team Discussions and Dynamics during DevOps Tool Adoptions in OSS Projects,0,0,0,0
b97a227d-084f-4b21-9081-8a991e852e7c,"Technical Debt Management in Brazilian Software Organizations: A Need, an Expectation, or a Fact?",0,0,0,0
e4b6d3f7-721a-4ff6-bcef-6417986eb562,Technology transfer - Requirements Engineering research to industrial practice an open (ended) debate,0,0,0,0
5189eae0-dbba-4f29-9c30-ce6b75514edf,Technology Transfer Concepts,0,2,1,0
632afca1-b241-4a7e-9eca-df566a0a3d1b,Technology transfer models and elements in the university-industry collaboration,0,0,0,0
c5d73828-449f-469f-bf71-fd9aa070be10,Technology transfer models: typology and a generic model,0,0,0,0
bf098499-07fa-45db-a249-7826f9485f00,Technology transfer oriented to sustainable development: proposal of a theoretical model based on barriers and opportunities,0,0,0,0
8a0ccf93-0561-4f15-8529-1179cec2e61e,"Technology Transfer, Sustainability, and Development, Worldwide and in Romania",0,0,0,0
413d6a48-af3e-427c-97a9-081bcd40f03b,Test automation with the Gauge framework: Experience and best practices,0,0,0,0
530dee2d-5775-492b-aaef-0e21686fc25e,Testdcat: Catalog of Test Debt subtypes and management activities,0,0,0,0
923988a9-38db-4a17-aca5-658683129aab,The ABC of Software Engineering Research,0,0,0,0
f8010f51-d59e-4ee8-a48e-f3e4dff42084,The Adoption of SMP: A Technology Acceptance Model (TAM) Perspective,0,0,0,0
a0355d42-dfb0-4098-9d91-8ac6a87ff811,THE ANALYSIS OF CONCEPTUAL THEORETICAL APPROACHES TO THE PROBLEM OF TECHNOLOGY TRANSFER IN FOREIGN UNIVERSITIES.,0,0,0,0
f9ab2cf5-ded3-465b-af88-9f24fa99f06f,The Automotive Virtual Verification Ecosystem: Impediments and Enablers,0,0,0,0
155c52e3-5bcd-46dd-97a5-9a5c29960e27,The Challenges of Staying Together While Moving Fast: An Exploratory Study,0,0,0,0
06c9c4ea-007e-41bc-aa3d-05e1dd64b4ea,The contextual nature of innovation â An empirical investigation of three software intensive products,0,0,0,0
b8d0c8fe-db9d-48c0-a729-5e6288b5df7c,The Danish agenda for rethinking project management,0,0,0,0
6fb0a473-c57c-4db5-bf5d-1d279dd6a171,The design science paradigm as a frame for empirical software engineering,1,2,1,0
98b78440-2d66-4838-a196-d45734c79aec,"The Diversity of Gamification Evaluation in the Software Engineering Education and Industry: Trends, Comparisons and Gaps",0,0,0,0
7b6d7c4c-0871-4556-a92f-8d55710ece7f,The Evolution of an Enterprise System Implementation Methodology by Adaptation through Reflexivity,0,0,0,0
5be41a83-5381-47bb-a7da-5f6937a53ae3,The impact of ERP system on academic performance: a case study approach,0,0,0,0
b4424300-9f04-4596-ab05-88148d5d7867,The Maturation of Empirical Studies,0,2,0,0
9b5f6ca9-deb7-48db-b4e7-6c4aaff0f4a9,The measurement process in micro and small software maintenance companies: empirical study,0,0,0,0
333d7d78-99d9-4a8a-b001-07dd886827f7,The Project Strategy Matrix: Systematizing the Design and Management of an Explicit Project Strategy,0,0,0,0
8b9f8599-19f6-4508-809b-97f56da88cea,The role of simulation-based studies in software engineering research,0,0,0,0
407ab9f2-3edf-4e61-b815-0bcfb09e897d,"The Unending Quest for Valid, Useful Software Engineering Theories",0,0,0,0
d4d3c956-19ab-407c-83df-a4bfee9d72c8,The University Challenge in the Collaboration Relationship With the Industry,0,0,0,2
d1dfbbc6-8e8b-45f7-805c-2677173bbd30,The use of Design Science and Agile Methodologies for improved information systems in the T anzanian Higher Education context,0,0,0,0
9fbcef8e-29f3-47f8-bd9e-3f8ec8c8473c,The Use of System Development Methodologies in the Development of Mobile Applications: Are they Worthy of Use?,0,0,0,0
270f72e5-95c3-49f4-b978-d7aa1c740815,Third Generation Industrial Co-production in Software Engineering,1,2,2,0
96f662b5-303b-4b70-98d1-e17ba6812b16,Threat modeling: from infancy to maturity,0,0,0,0
fbe6cf6f-1fd3-4fc8-ab13-7f786e0cadc0,Together we are stronger: Evidence-based reflections on industry-academia collaboration in software testing,1,0,2,2
518f8392-917d-4a35-9e1b-c311f7d34263,Toward a complex adaptive system: The case of the Zhongguancun entrepreneurship ecosystem,0,0,0,0
ed21b9e0-f285-492a-b781-cc42ef059e43,Toward Efficient Academia-Industry Collaboration: A Case Study of Joint VR System Development,0,0,0,2
437d4e77-47be-4fc3-a558-6259475fc351,Toward Improving Industrial Adoption: The Choice of Programming Languages and Development Environments,0,0,0,0
767ccd68-9857-417b-ad24-09783820eed1,Towards a lightweight approach for the evaluation of requirements engineering impact on other IT project areas,0,0,0,0
f58f116c-c976-4645-9266-7c9189f6d65d,Towards a Methodology for Participant Selection in Software Engineering Experiments: A Vision of the Future,0,0,0,0
0cc27708-0e97-40ff-b621-d3e5046157d7,Towards a model to transfer knowledge from software engineering research to practice,1,2,1,2
72ee1e59-9278-49b8-abcb-fda05c8668d1,Towards a unified catalog of attributes to guide industry in software testing technique selection,0,0,0,0
e53c1edc-77ea-4703-a791-82c802efc21e,Towards an Approach Matching CMD and DSR to Improve the Academia-Industry Software Development Partnership: A Case of Agile and UX Integration,0,2,2,2
13606a85-ec86-47bb-bf39-d647ae9ed704,Towards an operationalization of test-driven development skills: An industrial empirical study,0,0,0,0
56f9f91f-eaed-4f5d-acfe-e8155769ac81,Towards Automated Detection of Data Pipeline Faults,0,0,0,0
478fc7b0-6583-48a2-96d8-771ee5d02c41,Towards Continuous Modelling to Enable DevOps: A Preliminary Study with Practitioners,0,0,0,0
fcf58bc1-e485-41ff-ad48-ef5772c43220,Towards improved Adoption: Effectiveness of Research Tools in the Real World.,0,2,1,0
5a5ebf6a-6782-445f-881e-197db50ba292,Towards proactive management of technical debt by software metrics.,0,0,0,0
d64481e3-fefb-45ca-bb3b-bc04c46c7f1f,Towards Scalable Non-Monotonic Stream Reasoning via Input Dependency Analysis,0,0,0,0
2f9caf64-bd5f-435c-ad5c-8984a96343c4,Towards the Evaluation of the Usability and Portability of Serious Games,0,0,0,0
d0ab598a-f1de-4482-b98a-201dc7919f72,Traceability Information Model for Very Small Entities with ISO/IEC 29110,0,0,0,0
32147333-6300-4960-8784-57ef328ba205,Tracking Project Progress with Earned Value Management Metrics,0,0,0,0
531789bf-ace6-4c5e-9fab-0ecc995929e8,Transfer and Commercialization of Technologies from Universities to Small Companies in South Africa,0,0,0,1
cedf7083-2c20-4b9c-a6e1-aa037260e97c,Transfering Software Form Univesities to Industries: A Case Study ICTL,0,0,0,2
39685dea-b760-49f7-9b23-73757d75163b,Transferring a model-based development methodology to the automotive industry,0,2,1,0
c6c82609-39c1-4b3b-ac92-96572451998d,Transferring interactive search-based software testing to industry,0,0,2,1
62fe3f65-9877-4ab3-97d0-083e57030279,Trends and Challenges for Software Engineering in the Mobile Domain,0,0,0,0
1c26b0d7-cd4b-4505-b121-bf5356e5b937,Two Decades of Empirical Research on Developers' Information Needs: A Preliminary Analysis,0,0,0,0
4e47a8cc-7e9a-4858-8715-fbc092dee2fb,Understanding how problem formulation in systems engineering influences system affordability: a systems thinking investigation,0,0,0,0
9d0198d6-ab16-4adb-a0a9-cc78fcdeaae4,University and Corporation Co-Operation—Social Computing in Medium Enterprises,0,0,0,0
67026e9a-82ee-4cee-ae37-774d24473d5e,University-industry collaboration and open source software (OSS) dataset in mining software repositories (MSR) research,0,0,0,2
146c7519-3b59-4696-9574-4931b1eb749d,University-industry collaboration: A new way of educating future generations of engineers in India,0,0,0,0
81fe4706-3755-4163-a6c5-204e74ce324c,University-software industry collaboration: an empirical study based on knowledge management,1,2,0,1
60dfa6f7-9db4-4354-b5d2-4ae309c59f46,Use case of self-organizing adaptive supply chain,0,0,0,0
c776297d-8955-4cc2-b9c9-c7d42374ab04,Useful business cases: value creation in IS projects,0,0,0,0
e30dd972-76e3-4d12-87d0-0ad16a49dee9,Using a case study to teach students about finding and fixing logic flaws in software,0,0,0,0
8da57b71-0f4d-4357-8456-e70aa2ff3939,Using a Context-Aware Approach to Recommend Code Reviewers: Findings from an Industrial Case Study,0,0,0,0
a30ee170-f8df-410b-b9a4-0822c899bb45,Using a Visual Abstract as a Lens for Communicating and Promoting Design Science Research in Software Engineering,0,0,0,0
f2253928-c5d6-440a-a6dc-73f5f4006d34,"Using argumentation theory to analyse software practitioners' defeasible evidence, inference and belief",0,0,0,0
c2eaf7b0-8549-4b68-82e3-18dbeb2bc78d,Using Bayesian Networks to Support Managing Technological Risk on Software Projects,0,0,0,0
65938272-d3e1-44f6-a099-9459d84f4753,Using Machine Intelligence to Prioritise Code Review Requests,0,0,0,0
7a36d25c-e0c1-40f5-a3cd-6b221bf8dcb2,Using Participatory Technical-action-research to validate a Software Sustainability Model,0,0,0,0
59a5f366-78c6-4003-a1b5-b1ee9bbff96e,Using Scrum in Outsourced Government Projects: An Action Research,0,0,0,0
236898ad-0067-455d-a413-11d2dd4eabb0,Validated Conceptual Model for Predictive Mapping of Graduates' Skills to Industry Roles Using Machine Learning Techniques,0,0,0,0
ba527911-a903-4c13-a600-7227cc4fd617,Valorization of assistive technologies for cognition: Lessons and practices,0,0,0,0
5125a022-66dc-414c-a458-04f18fc0f781,"variED: an editor for collaborative, real-time feature modeling",0,0,0,0
a964cd6e-d8d1-4839-8c86-1b1a939bb810,Virginia Tech and Boeing University-Industry Collaboration: Use of a 4-Tier Sociotechnical Approach to Reduce Ergonomics Related Hazards,0,0,0,0
b34661b2-a1d0-43a1-a210-eb4d6a9a3641,What Can Program Repair Learn from Code Review?,0,0,0,0
3a364a99-98fa-4d4e-a45e-8bd96e384319,What do software team managers want from a skills identification?,0,0,0,0
78caf8d0-2832-4315-ac6e-062dfcefdabf,What influences algorithmic decision-making? A systematic literature review on algorithm aversion,0,0,0,0
96a76adf-c68b-4eb3-a598-f95b2fcf43e2,What practitioners really want: requirements for visual notations in conceptual modeling,0,0,0,0
d93d27b0-a3de-4fe0-bda9-ecc824b2a689,"What to share, when, and where: balancing the objectives and complexities of open source software contributions",0,0,0,0
373bdd2a-26c6-48ff-9f9f-3c49ba31b8b0,Wide Band Patch Antenna Structures for Cognitive Radio Applications,0,0,0,0
9b6ee6bd-20e6-4a60-af1d-0534337f9d61,Work-integrated learning as an outcome of using action design research in practice,0,0,0,0
023e4dbb-873d-43d8-9127-20598699c50d,Workshop videos for requirements communication,0,0,0,0
923c67c3-1d7a-40dc-b215-fd6659f241d1,Zero-permission acoustic cross-device tracking,0,0,0,0
